DocumentID,Words (split by space)
train1,mortar assault leaves at least dead
train2,goal delight for sheva
train3,nigeria hostage feared dead is freed
train4,bombers kill shoppers
train5,vegetables not fruit slow brain decline
train6,pm havana deal a good experiment
train7,kate is marrying doherty
train8,nasa revisiting life on mars question
train9,happy birthday ipod
train10,alonso would be happy to retire with three titles
train11,madonna s new tot happy at home in london
train12,nicole kidman asks dad to help stop husband s drinking
train13,united finds good connection in win
train14,runway making good without making nice
train15,we were arrogant and stupid over iraq says us diplomat
train16,bad reasons to be good
train17,madonna s new baby s daddy didn t realize adoption was for good
train18,women in their s are perfectly good mothers
train19,we re a pretty kind bully
train20,moderate drinking reduces men s heart attack risk
train21,tom cruise and katie holmes set wedding date
train22,kidnapped ap photographer freed in gaza
train23,bush insists troops stay in iraq predicts midterm victory
train24,hurricane paul weakens to tropical storm
train25,uk announces immigration restrictions
train26,three found alive from missing russian ship report
train27,poison pill to swallow hawks hurting after loss to vikes
train28,injured marathon winner leaves hospital
train29,hacker unlocks apple music download protection
train30,spanish journalist seized in gaza
train31,sudan urges un to replace its special envoy
train32,resolution approved for international games
train33,pair of satellites will document sun in d
train34,martian life could have evaded detection by viking landers
train35,the sweet tune of an anniversary
train36,did viking probes miss life on mars
train37,diplomat acknowledges us arrogance in iraq
train38,more human remains found at ground zero
train39,how to prevent iraq from getting even worse
train40,tensions as hungary marks uprising
train41,stanford study warns of internet addiction
train42,no evidence of ice reserves on the moon
train43,parachutist dies at bridge jump festival
train44,us troops killed in october in iraq
train45,chefs not counting calories study finds
train46,deaths linked to flu vaccine
train47,perfect lives lose their focus
train48,bread heavy diet linked to kidney cancer
train49,beating poverty in a small way
train50,israel insists on lebanon overflights
train51,britain to restrict immigrants from new eu members
train52,confusion reigns in the expanding digital world
train53,game on london exhibition celebrates the history of video games
train54,making peace from victory over poverty
train55,marine killed in fighting west of baghdad
train56,scientists create first cloaking device
train57,amateur rocket scientists reach for space
train58,confusion reigns in the expanding digital world
train59,deaths linked to flu vaccine
train60,israel admits using phosphorous shells in lebanon
train61,th person dies after receiving flu shot
train62,police and shoppers targeted in growing iraq violence
train63,scientists discover miracle in the depths
train64,doctors seeing patients who think they re internet addicted
train65,china launches two satellites into orbit
train66,vegetables may boost brain power in older adults
train67,hurricane paul nears category status
train68,russian ship sinks member crew missing
train69,iran s president urges higher birth rate
train70,apple set for massive market gains
train71,tumor types may explain survival rates for cancer
train72,routine mission turns into hunt for missing comrade
train73,bad weather slows s korean search for russian ship
train74,tailors and housewives busy as muslims celebrate eid
train75,active peace brings the promise of development
train76,abbas condemns israeli massacre in northern gaza strip
train77,bangladesh ferry sinks dead
train78,bucs find a new kick in life
train79,google to unveil election mashup
train80,police warn of child exploitation online
train81,breast cancer awareness is important
train82,hungary police tackle violent protestors
train83,three drivers had reason to be proud in brazil
train84,celebrities protest malibu gas facility
train85,presto he s batman then magic man
train86,heavy use of mobile phones can make men infertile scientists say
train87,russian ship sinks in pacific
train88,china successfully launches two satellites
train89,prestige has magic touch
train90,lies damned lies and divorce
train91,manning inspires giants to victory in dallas
train92,riot warning for france suburbs
train93,full recovery expected for marathon winner
train94,sony apologises for global battery recall
train95,questions on credit card safety
train96,budapest calm after night of violent protests
train97,vegetables may boost brain power in older adults
train98,report criticises us press freedoms
train99,french suburb riots could resume
train100,photographer kidnapping condemned
train101,photographer kidnapped in gaza
train102,baseball rogers enjoys his muddied streak
train103,cultural revolutionary the ipod is five
train104,life on mars maybe we missed it
train105,three found alive from missing russian ship report
train106,moderate drinking reduces men s heart attack risk
train107,the sweet tune of an anniversary
train108,inconvenient truths
train109,dating difficult for harry potter
train110,students lose their rite of passage
train111,putin vows to tackle illegal immigration
train112,ottawa must redefine terror
train113,britain to limit workers from romania bulgaria
train114,top general optimistic on iraq
train115,kim osorio wins sexual harrassment suit against the source
train116,silly and substantial
train117,official laughs for borat
train118,speaker hastert testifies before panel probing sex scandal
train119,tom cruise and katie holmes set wedding date
train120,martian life could have evaded detection by viking landers
train121,ukraine gas deal marred by fears
train122,marathon victory comes at heavy cost
train123,college tuition continues climbing
train124,german paper shows soldiers desecrating skull
train125,war is close ethiopia tells somali rebels
train126,advantage cardinals with suppan in game
train127,nasa spacecraft to measure sun
train128,sony hates europeans will prevent the importing of ps
train129,flu vaccine appears safe for young children
train130,google to launch yet another search tool
train131,tropical storm paul s outer bands hit mexico s baja california
train132,israeli bomblets plague lebanon
train133,new indonesia calamity a mud bath is man made
train134,u s weighs sanctions against north korea
train135,rice in baghdad insists that iraqis are
train136,senator says u s should rethink iraq strategy
train137,german chief forges accord on financing health care
train138,turkish writers say efforts to stifle speech may backfire
train139,kurdish lawmaker killed in an attack in baghdad
train140,anti u s attack videos spread on the internet
train141,women face greatest threat of violence at home study finds
train142,appeal by chinese researcher for times may soon be heard
train143,brazil air force cites faults and confusion in fatal crash
train144,a mix of oil and environmentalism
train145,immigrants and french reach deal in standoff
train146,genghis khan beer mongolia grimaces
train147,dead bachelors in remote china still find wives
train148,paris journal smoking no longer tres chic in france
train149,an old letter casts doubts on iran s goal for uranium
train150,u s warns north koreans about nuclear test
train151,global sludge ends in tragedy for ivory coast
train152,equipment on plane in brazil collision may have been faulty
train153,new indonesia calamity a mud bath is man made
train154,iraqi journalists add laws to list of dangers
train155,u n force is treading lightly on lebanese soil
train156,cleric said to lose reins over part of iraqi militia
train157,citing spy agencies study democrats seek iraq changes
train158,opera canceled over a depiction of muhammad
train159,military officials add to u s criticism of iraq s government
train160,teacher in hiding after attack on islam stirs threats
train161,combative bush releases parts of terror study
train162,growing unarmed battalion in qaeda army is using internet to get the message out
train163,iraqi linked to sunni bloc is held in plot military says
train164,seduced by snacks no not you
train165,friends for life an emerging biology of emotional healing
train166,alzheimer s drugs offer no help study finds
train167,across europe worries on islam spread to center
train168,cooking defines sephardic jews at sukkot
train169,fitness bodies in motion clean and sober
train170,in god s name religion based tax breaks housing to paychecks to books
train171,yankee dies in plane crash official says
train172,an elephant crackup
train173,with youtube grad student hits jackpot again
train174,dow flirts with record highs again
train175,tropical storm isaac forms in atlantic
train176,new iraq terror tape calls for abducting foreigners
train177,deep regret for ex hp exec
train178,opportunity knocks on geologist s dream crater
train179,squirrel jumps boy in park rabies suspected
train180,girl left comatose after dental visit dies
train181,porn star candidate campaigns on campus
train182,school ends football season after start
train183,charlie sheen to become highest paid sitcom star
train184,jon stewart mocks benefits of cnn s i
train185,ashton kutcher tells secret to ryan seacrest
train186,nails on chalkboard study earns ig
train187,gunman fine before shooting
train188,marijuana may stave off alzheimer s
train189,kentucky seeks alcohol huffing ban
train190,toddler died from tainted spinach
train191,judge dismisses karr s porn case
train192,die in hour kashmir standoff
train193,slain amish girls laid to rest
train194,flee plant fire
train195,cher auction fetches double pre sale estimates
train196,stars scuffle on grey s anatomy
train197,probe under way in yankee crash
train198,amish schoolhouse torn down
train199,warner will not run in
train200,reid land deal under scrutiny
train201,flooding washes out road to valdez alaska
train202,briton admits u s bomb plot role
train203,commentary minutemen have a right to be idiotic
train204,madonna files adoption papers
train205,gunmen kill at iraqi tv station
train206,hastert sorry for scandal but not quitting
train207,ex jonbenet suspect child porn case dropped
train208,waste plant fire forces to evacuate
train209,toddler died from e coli tainted spinach
train210,disturbing finds in child sex raids
train211,magazine lists women who had abortions
train212,pot smokers may avoid alzheimer s study says
train213,student starts white men s club on campus
train214,kentucky wants to ban alcohol inhalers
train215,peter pan flies into chapter two
train216,teen repellent inventor wins infamous prize
train217,cher s dress car bed have new owners
train218,dow hits new record eyes
train219,ex virginia gov not running for president
train220,yankee pitcher s pilot log found
train221,dem leader s million land deal under scrutiny
train222,dad locked up son watched on tv police say
train223,navarrette minutemen have a right to be idiotic
train224,pit bulls jump miniature pony leave her bloody
train225,alaska town cut off from rest of state by flood
train226,trailblazing trio protects city by the bay
train227,madonna files adoption papers in malawi
train228,dr mcdreamy choked in grey s scuffle
train229,poetry prize awarded
train230,las vegas honour for tiger pair
train231,uk characters boosting box office
train232,cher items snapped up at auction
train233,griffiths scorns withnail play
train234,lily allen wins web music award
train235,costner appeals in casino wrangle
train236,beyonce copyright claim rejected
train237,cohn gunman jailed for years
train238,melua s deep sea gig sets record
train239,sri lanka clashes kill troops
train240,gunmen kill in iraq tv raid
train241,italy drops sicily bridge plans
train242,amish killings school demolished
train243,pamuk wins nobel literature prize
train244,madonna adoption bid approved
train245,man admits uk us terror bomb plot
train246,who are you calling fat
validation1,test to predict breast cancer relapse is approved
validation2,two hussein allies are hanged iraqi official says
validation3,sights and sounds from ces
validation4,schuey sees ferrari unveil new car
validation5,closings and cancellations top advice on flu outbreak
validation6,trucks swallowed in subway collapse
validation7,sarkozy letter surprises french cartoons hearing
validation8,building a memorial to a son one child at a time
validation9,lawmaker seeks ipod ban in crosswalks in new york
validation10,diabetic waits months for eyeglasses
validation11,sudan tells united nations envoy to leave in hours
validation12,years on but couple still hugging
validation13,defense to challenge russert s credibility
validation14,ozzy a hero for the hard rocking masses
validation15,cia leak trial summary
validation16,dance movie takes over no
validation17,asian nations urge myanmar reform
validation18,after iraq trip clinton proposes war limits
validation19,dead in apartment building fire
validation20,male sweat boosts women s hormone levels
validation21,carphone warehouse s mixed signals
validation22,democrats plot bush troop increase censure
validation23,cisco sues apple over iphone name
validation24,bb star jackson denies goody comments
validation25,inter milan set serie a win record
validation26,us airways boosts bid for delta
validation27,press sees hope in mecca talks
validation28,bears fan loses bet and changes name
validation29,global national major child porn ring bust
validation30,human hair clue in hunt for airliner
validation31,johnny depp to make movie of spy poisoning
validation32,really the claim the pill can make you put on weight
validation33,money makeovers
validation34,tbs to pay m fine for ad campaign bomb scare
validation35,stomp the yard has winning moves in its weekend debut
validation36,discovered boys bring shock joy
validation37,bernhard set to leave volkswagen
validation38,pacers jackson misses gun hearing
validation39,cases when the simple solution is the right one
validation40,two muslim groups sue french newspaper international
validation41,golden globes on their way
validation42,at new ozzfest freedom ain t free
validation43,federer handed tough aussie draw
validation44,protesters end strike as nepal pm concedes demands
validation45,turner pays for boston bombing
validation46,two detained in body parts mailing
validation47,essay about that mean streak of yours psychiatry can do only so much
validation48,hussein s niece pleads for father s life
validation49,sarkozy heads for clash in cartoons row
validation50,global web of suspects in child rape download
validation51,blake defeats moya to retain title
validation52,storms kill knock out power cancel flights
validation53,aquarium puts ailing beluga whale to sleep
validation54,microsoft sony we have a problem
validation55,a police state the issues
validation56,move to ban ipods from crossing the street
validation57,india s taj mahal gets facelift
validation58,cheney to congress can t run iraq war by committee
validation59,ganguly handed india squad call up
validation60,fortune looking beyond the iphone
validation61,really the claim the back seat of a car is the safest place to sit
validation62,vaccine mandate upsets legislators
validation63,news analysis iranian boast is put to test
validation64,panel issues bleak report on climate change
validation65,virtual american idol hits right notes
validation66,iraq car bombings kill people wound more than
validation67,stomp steps to no at box office
validation68,google executive acts as goodwill envoy
validation69,filipino woman kidnapped in nigeria
validation70,seahawks bears vie for shot at nfl title
validation71,brown not buried as estate issues loom
validation72,will rob cohen direct third mummy
validation73,eu will urge china to go green
validation74,th century remedy st century potency
validation75,forecasters expect toasty
validation76,sunshine goydos wins sony open
validation77,teacher charged with sex assault
validation78,merck gardasil may fight more strains
validation79,mountain glaciers melting faster united nations says
validation80,snow causes airport closures in britain
validation81,bananaconda inventor is top poet of kids
validation82,shareholders sue apple
validation83,israelis retaliate after attack by lebanese army
validation84,deadly bird flu confirmed in british turkeys
validation85,too little sleep may mean too fat kids
validation86,bathing mom awakes to find baby dead
validation87,visitors to eiffel tower climb to record in
validation88,more sleep healthier slimmer children
validation89,queen battles bond for baftas
validation90,walters on trump poor pathetic man
validation91,ice storm smacks roads power
validation92,iran says it will strike us interests if attacked
validation93,palestinian factions to resume talks
validation94,study men s sweat triggers high sexual arousal in women
validation95,outcry at n korea nuclear test
validation96,russia plans major military build up
validation97,archaeologists find remains of couple locked in a hug
validation98,stenson defends his title at dubai
validation99,taking the plunge
validation100,updates on world s top stories
validation101,man rides stationary bike for hours
validation102,ice storm coating midwest
validation103,a mistrial for lieut watada
validation104,iran warns will hit back at us if attacked
validation105,asean talks end on energy security
validation106,iraqi death toll exceeded in united nations says
validation107,israel intensifies military flights over lebanon
validation108,new gadgets galore at tech show
validation109,another death at georgia aquarium
validation110,us to urge nato afghan spring offensive
validation111,uk letter bombs may be from extremist drivers
validation112,asia seeks breakthrough on north korea
validation113,federer overcomes a ragged start
validation114,rowdy fans ejected from the open
validation115,terai protesters hail historic victory over government
validation116,anger at release of two held over beheading plot
validation117,bush adamant on troops to iraq
validation118,bebe neuwirth gets to wiggle again
validation119,beckham to l a for the game not fame
validation120,sleep more to fight childhood obesity
validation121,abbas rejects temporary state
validation122,investigation of child porn site hits nations
validation123,sleuths close in on odysseus home
validation124,variety johnny depp to make movie of spy poisoning
validation125,ice storm cripples central u s
validation126,park stars as united maintain lead
validation127,prehistoric romeo and juliet discovered
validation128,india s famous landmark gets facelift
validation129,joseph wambaugh s new start
validation130,participant in water drinking contest dies
validation131,apple drops bombshell with iphone
validation132,bollywood s brangelina engaged
validation133,shiite fighters arrested in crackdown iraq says
validation134,rio de janeiro journal drawing lines across the sand between classes
validation135,models health guidelines will they help
validation136,stepping back in time at ski resort
validation137,test cricketer jailed over killing
validation138,walnuts combat unhealthy fats
validation139,apple to vista upgraders wait
validation140,injured sarwan to miss one dayers
validation141,firms on alert for letter bombs
validation142,studios sign off on movie downloads
validation143,asif returns with four wicket haul
validation144,bush authorized iranians arrest in iraq rice says
validation145,porn ring scandal reaches australia
validation146,deputy health minister arrested in us iraqi raid
validation147,senator carl krueger thinks ipods can kill you
validation148,finally senate okays anti terror bill manila
validation149,somalia declares state of emergency
validation150,matt shines with his alpine finish
validation151,bp ceo browne to step down in june
validation152,an iphone by any other name surely not
validation153,life in gaza steadily worsens
validation154,the energy challenge exotic visions how to cool a planet maybe
validation155,easy ways to really save
validation156,shareholders sue apple
validation157,findings can humanity survive want to bet on it
validation158,iran steps up production of weapons grade uranium
validation159,rig threat cargo ship towed ashore
validation160,palestinians say clashes hurt their cause
validation161,male sweat can raise hormones
validation162,vital signs hazards antidepressant linked to fractures in older people
validation163,peron held over s rights abuses
validation164,space life search turns to tv
validation165,super bowl ads of cartoonish violence perhaps reflecting toll of war
validation166,youtube told to drop celeb sex video
validation167,beckham posh and more athlete celebrity couples
validation168,city sets up ice storm shelters
validation169,libby prosecutors await judge s rulings
validation170,review alpha dog misses the point
validation171,republicans plan to block iraq debate
validation172,mixed reaction to china s africa push
validation173,snowed in the canadian rockies
validation174,skip the showers male sweat turns women on study says
validation175,gently weeps lyrics sheet up for sale
validation176,canete wins inaugural joburg open
validation177,rights group halts violent nepal strikes
validation178,real suffer carlos injury setback
validation179,astronaut may have buckled under stress
validation180,gunmen abduct filipino woman in nigeria
validation181,nfl team s fan of the year flag lady
validation182,no rejects police state claim
validation183,malaysian airasia x to fly in july
validation184,kidnapped at nigeria oil base
validation185,guy sweat is babe magnet
validation186,township tourism booming in south africa
validation187,alpha dog misses the point
validation188,iran leader pays nicaragua a visit
validation189,grey s pirates lead people s choice
validation190,terror network
validation191,now it s official iraq s a mess
validation192,snow brings travel misery to england
validation193,james brown s year old son left out of will
validation194,two men killed by london tube train
validation195,us millions fail to buy influence in deadly gaza power play
validation196,plo ministers agreed upon in mecca
validation197,squadron apologies over friendly fire death
validation198,new orleans violence sparks tourism fears
validation199,friendly fire pilot experienced
validation200,space com black hole triplets spotted
validation201,vaccines mandate or choice
validation202,congolese soldiers riot loot over pay issue
validation203,commodities lead europe higher
validation204,ingredient in male sweat raises women s hormone levels
validation205,goetschl ends austrian win drought
validation206,doomsday clock ticking away
validation207,troops massing around somali town
validation208,tariq ramadan has an identity issue
validation209,peretz orders idf to respond with force to north border attacks
validation210,trains crash near thai resort town
validation211,hamas fatah return to unity gov t talks in mecca
validation212,pats fourth quarter rally finishes chargers
validation213,die as us helicopter crashes in iraq
validation214,millionaire secret santa dies
validation215,morrissey may cheer up eurovision
validation216,christian values guide dungy and the colts
validation217,israeli woman s tirade spurs pm outrage
validation218,passing exchange becomes political flashpoint
validation219,police probe church fires half mile apart
validation220,italy to try us soldier for agent s iraq death
validation221,depp to star in spy poisoning film
validation222,s jack bauer returns
validation223,us airways boosts bid for delta
validation224,even before its release world climate report is criticized as too optimistic
validation225,second hanging also went awry iraq tape shows
validation226,howell takes one shot lead in sony open
validation227,psych checks reviewed after astronaut s crack up
validation228,pap test a mainstay against cervical cancer may be fading
validation229,martins leads newcastle fightback
validation230,ps pricey but impressive
validation231,pluto s revenge word of the year award
validation232,european space agency
validation233,hackers strike at key internet servers
validation234,hussein co defendants executed
validation235,memo from frankfurt germany relives s terror as seek release from jail
validation236,blissing out in ojai
validation237,houston she s got some problems
validation238,amazon com has best ever sales
validation239,hackers attack root servers
validation240,video games can improve your vision
validation241,internet attacked did anyone notice
validation242,in washington contractors take on biggest role ever
validation243,floods force malaysia evacuations
validation244,on myspace girls seek friends boys flirt
validation245,tests of drug to block h i v infection are halted over safety
validation246,zoo polar bear to have root canal
validation247,europe take big royal trophy lead
validation248,israel to install cameras to show live mughrabi footage
validation249,we lit our last candle yesterday
validation250,google buys youtube for bn
validation251,psp number one sony platform in japan
validation252,england include giles in wc squad
validation253,beckham won t play again for real
validation254,eight years for damilola killers
validation255,pc world editor slain at california home
validation256,hands on doomsday clock move forward
validation257,zach braff says he has mild depression
validation258,investigation of child porn site hits nations usa today
validation259,science panel calls global warming unequivocal
validation260,news baby pandas baby pandas baby pandas
validation261,get ready for the earnings
validation262,germany agonizes over a brain drain
validation263,iran and nicaraguan leaders meet
validation264,secret hotels in irish countryside
validation265,fine wines in british columbia
validation266,philippine president welcomes senate approval of anti terror bill
validation267,small jet crashes on takeoff killing
validation268,bigger more aggressive rats infesting uk
validation269,travel leisure next island hot spot st lucia
validation270,real mallorca rock leaders sevilla
validation271,iran s boast on uranium enrichment is put to test
validation272,personal health for teenagers the car is the danger zone
validation273,bird watchers flock to see rare owl
validation274,eye on cosmos is lost to short circuit on hubble
validation275,too young for this facing cancer under
validation276,unilever group names new chairman
validation277,minister slams airlines on carbon
validation278,rare optimism as north korea talks reach crossroads
validation279,man beheaded in southern thailand
validation280,china s nightmare scenario
validation281,annual diving contest in south korea proves a chilly challenge
validation282,blair says he regrets delays in british soldier s inquest
validation283,iraqi forces detain official suspected in shia conspiracy
validation284,wellcome awards anti fat research
validation285,fingers crossed for north korea
validation286,no intention of war with iran us says
validation287,what newsom faces in aftermath of scandal
validation288,maggie gyllenhaal s globes babysitter mom
validation289,as inflation soars zimbabwe economy plunges
validation290,pledge i was abused in frat hazing
validation291,experts fear likely shackled boy
validation292,what s behind the chopper crashes in iraq
validation293,freed muslim terror suspect says britain is police state
validation294,blair apologises over friendly fire inquest
validation295,depp to make litvinenko movie
validation296,why gas follows oil up but not down
validation297,cravings still there sez tara
validation298,bill would strip convicted legislators of pensions
validation299,bears watch as lead slips away
validation300,in clue to addiction brain injury halts smoking
validation301,in rigorous test talk therapy works for panic disorder
validation302,rice u s won t pull plug on iraq
validation303,on road to kosovo independence a warning go slow
validation304,mistrial for officer who refused to go to iraq
validation305,rebels to join nepal parliament
validation306,emi warns on profits boss goes
validation307,subway collapse caught on camera
validation308,stinky but true men s sweat is made for love
validation309,politics us reprieve for officer who denounced immoral war
validation310,hunters stalk world s tallest trees
validation311,fuel spill may lead to missing jet
validation312,sri lanka floods displace
validation313,justin timberlake cameron diaz announce split
validation314,iran to hit us interests if attacked
validation315,israel says hopes to keep lebanon border calm
validation316,cisco sues apple over iphone name
validation317,two palestinians killed near fence
validation318,earthlink ceo dies at age
validation319,a star dies a family feud is born
validation320,carter was a disaster said ford
validation321,super bowl mvp manning insists he s one of the guys
validation322,personal health the importance of knowing what the doctor is talking about
validation323,israel s peretz urges halt to contentious jerusalem construction
validation324,peter jackson will never work for me again
validation325,u s keeps iran options open
validation326,european shares hit fresh highs
validation327,for women nothing s like the smell of men s sweat
validation328,looking beyond the iphone
validation329,freed kidnap suspect my terror at police raid
validation330,far away super bowl s losers will be champs
validation331,woman dies after water binge
validation332,mancuso sparks u s celebrations
validation333,asean urges north korea resolution
validation334,late penalty costs roma the points
validation335,mistrial declared in teacher student rape case
validation336,bookworm adventures wordsmith s joy
validation337,kylie s love split
validation338,ipod good for video games
validation339,review virtual american idol hits right notes
validation340,leo battles himself
validation341,attorneys point fingers in fight between ryan o neal and son
validation342,john grisham set for court drama
validation343,bill gates and craig mundie vista is secure employees are not
validation344,iraqis fault delayed u s plan in attack
validation345,boy scouts blamed for starting wildfire
validation346,china urges un action on n korea
validation347,scorpion on a plane a pantful of pain
validation348,male sweat boosts women s hormone levels
validation349,mbeki on the big visit from the chinese
validation350,french right nominates sarkozy
validation351,israeli lebanese clash on border
validation352,north korea claims nuclear test
validation353,talks begin on somalia peacekeepers
validation354,action games improve eyesight
validation355,a small part of the brain and its profound effects
validation356,idf shells lebanese army positions across northern border
validation357,thailand missing years after taking wrong bus
validation358,ballerina sparks anti fascist row
validation359,internet boom in china is built on virtual fun
validation360,review ps pricey but impressive
validation361,machinery orders drive asia upward
validation362,lost s fox i m a liar and a cheat
validation363,russia to strengthen its military muscle
validation364,at libby trial russert of nbc gives and gets
validation365,north korea ready to discuss first steps to nuclear resolution
validation366,victim gunman bought drink after shooting
validation367,ferrer victorious in spanish duel
validation368,uk workers on alert for letter bombs
validation369,did nasa accidentally kill life on mars
validation370,new vaccine for cervical cancer could prove useful in men too
validation371,search on for victims of subway collapse
validation372,human error caused helios crash
validation373,us to prod nato allies for more troops to defeat taliban
validation374,microsoft supports openid authentication standard
validation375,no buyer in sight for napster
validation376,briefly preloaded ipods wal mart movies apple stores
validation377,china says rich countries should take lead on global warming
validation378,north korea may begin to dismantle nukes
validation379,tracking down hi tech crime
validation380,barack obama formally announces bid for president
validation381,kidnappers seize two in nigeria
validation382,indonesia may sell not give bird flu virus to scientists
validation383,attack video saddens friendly fire widow
validation384,europe retain trophy with big win
validation385,cutting edge accessories for digital music players
validation386,ice storm descends on central u s
validation387,snow brings travel misery to england
validation388,indonesia flood forces from homes
validation389,iraqi health minister seized in raid
validation390,ice storm brings chaos in u s
validation391,stinky flower mystery solved
validation392,congressman rebukes u s allies for lack of support in afghanistan
validation393,roddick overcomes federer in final
validation394,prehistoric romeo and juliet discovered
validation395,donald and goydos share sony lead
validation396,u s and iraqis are wrangling over war plans
validation397,sea search for missing microsoft scientist
validation398,iran to hit us interests if attacked
validation399,blair terror battle will be long
validation400,bear cub returned to the wilderness
validation401,carrefour sales growth falls short
validation402,allied with democrats lieberman easily aligns with republicans
validation403,in the rockies pines die and bears feel it
validation404,iran to strike us interests if attacked
validation405,nipple covers other star secrets
validation406,apple no itunes for you if you have vista
validation407,smokestacks in a white wilderness divide iceland
validation408,that ll cost ya
validation409,botched hangings in iraq speed sectarianism
validation410,male sweat raises female hormones
validation411,gop senators to force debate on troops in iraq
validation412,bangladesh ends curfew amid unrest
validation413,italy s dispute with us over iraq shooting
validation414,here come the globes
validation415,snow causes transport chaos in britain
validation416,snow causes airport closures in britain
validation417,second opinion girl or boy as fertility technology advances so does an ethical debate
validation418,heavy snow causes travel chaos and shuts schools
validation419,barbaro s legacy saving other horses
validation420,luxury digs in south carolina s lowcountry
validation421,dozens killed in baghdad bombing
validation422,ice storms kill across nation
validation423,de villiers takes over dakar lead
validation424,vietnam becomes wto s th member
validation425,south african trio share advantage
validation426,observatory poison begets poison
validation427,action intensity boosts vision
validation428,why the smell of a man s armpit is a turn on
validation429,nokia xpress music
validation430,dell to cut bonuses trim management
validation431,second drop in cancer deaths could point to a trend researchers say
validation432,tv game shows go interactive
validation433,boy missing since found alive
validation434,us north korea signed nuclear memo
validation435,russia honors sputnik designer
validation436,in kenya s capital a sense that danger is ever stronger
validation437,bill thanks for the rsa memories and laughs
validation438,friendly fire pilot experienced
validation439,myspace welcomes french friends
validation440,airlines uk airport runway unsafe
validation441,the amounts you have to pay for a bomb scare
validation442,in egypt rice speaks softly
validation443,weekly nielsen yvonne de carlo munsters star dead
validation444,senate votes to revoke pensions
validation445,earthlink ceo dies at age
validation446,software giant sap misses target
validation447,vital signs mental abilities folic acid may improve thinking skills
validation448,de villiers stretches overall lead
validation449,families celebrate return of sons
validation450,china detains after body parts found in mail
validation451,north korea ready to discuss nuke disarmament
validation452,for women nothing s like the smell of men s sweat
validation453,nadal wants australian open crown
validation454,beijing journal olympic construction unearths ancient treasure trove
validation455,chinese president arrives in mozambique african tour nearly over
validation456,reclusive mockingbird author attends show
validation457,asia near pact on energy security
validation458,philippine anti terror law delayed until june
validation459,ex suspect slams anti terror laws
validation460,study detects a gene linked to alzheimer s
validation461,panda cub makes her debut
validation462,harris haul puts south africa on top
validation463,weight loss drug to be sold over the counter
validation464,beckham outlines reasons for move
validation465,study finds gritty air raises heart disease risk in older women
validation466,venezuela iran fight u s dominance
validation467,housewives star marcia cross on bed rest
validation468,blog here come the globes
validation469,greek police hunt embassy attackers
validation470,apple warns itunes users to wait on vista
validation471,tsunami fears ease after quake
validation472,china considers eurobond reserves
validation473,underarm bowls them over
validation474,at least die as blast levels baghdad market
validation475,new mccain team made attack ads he once faulted
validation476,deaths as bird flu flares in asia
validation477,hamas fatah leaders pledge to meet until they reach agreement
validation478,officers had rapport with alleged abductor
validation479,no e book for harry potter vii
validation480,review nokia xpress music
validation481,can t do this anymore not jack
validation482,black hole triplets spotted
validation483,israel weighs old city project webcast
validation484,indonesian bird flu deaths hit
validation485,somali refugees cut off from aid
validation486,microsoft downplays vista speech recognition hack
validation487,next island hot spot st lucia
validation488,italy to hold no show trial of bronx gi in iraq slay
validation489,rescued boys parents hail miracle
validation490,canadians tracked in child porn ring
validation491,teen hacks venezuelan government web sites
validation492,russia plans new icbms nuclear subs
validation493,gere cheers sex workers in aids fight
validation494,study male sweat causes female hormones to rise
validation495,collision on icy road kills
validation496,surprise china cuts price of gas
validation497,what the godfather of soul meant to me
validation498,new mars orbiter spots pathfinder landing site
validation499,mass venezuela opposition rally
validation500,glamour and borat at golden globes
test1,terror officials see al qaeda chiefs regaining power
test2,ivrea journal in italian town a civics lesson from pelting neighbors
test3,iraqi sunni lands show new oil and gas promise
test4,princess and heir of franz ferdinand fights to repeal a law and gain a castle
test5,a film star in kampala conjuring aminos ghost
test6,militants attack u s base in iraq
test7,north africa feared as staging ground for terror
test8,iran says sunnis using pakistan as base planned fatal bombing
test9,anglicans rebuke u s branch on same sex unions
test10,homemade bombs kill on indian train
test11,al qaeda chiefs are seen to regain power
test12,chvez threatens to jail violators of price controls
test13,bush declares iran s arms role in iraq is certain
test14,accord on north korea is announced
test15,u s says powerful iraqi cleric is living in iran
test16,baghdad plan is a success iraq prime minister tells bush
test17,iraqi sunni lands show new oil and gas promise
test18,dispute over iraqi cleric said to have gone to iran
test19,planning seen in iraqi attacks on u s copters
test20,in the world of life saving drugs a growing epidemic of deadly fakes
test21,basics a mammal in winter with a furnace of her own
test22,books on science the problems in modeling nature with its unruly natural tendencies
test23,believing scripture but playing by science s rules
test24,a familiar and prescient voice brought to life
test25,findings a cool million for a climate backup plan
test26,call it serendipity a missing piece of washington s war tent is found
test27,free will now you have it now you don t
test28,archaeologists find signs of early chimps tool use
test29,wizardry at harvard physicists move light
test30,the summit a slap in the face of the palestinians
test31,moscow says palestine israeli contacts key to mideast peace
test32,mideast summit edns with little progress
test33,india decries an act of sabotage
test34,pakistan india peace talks planned despite bombings
test35,czechs poles get missile warning
test36,russia warns us against missile bases in east europe
test37,cheney starts visit to japan australia
test38,china cheney shores up the trilateral alliance
test39,iraq insurgents attack us base
test40,us soldiers die in day of violence
test41,iraqi suicide attack kills two us troops as militants fight purge
test42,iran reneges on nuclear payments to russia
test43,top colombia official resigns
test44,colombia fm resigns after relatives arrests for militia links
test45,foreign minister of colombia quits in scandal
test46,new zealand unlikely to allow crippled japanese whaler
test47,damaged japanese whaling ship may resume hunting off antarctica
test48,japanese whaling ship won t accept help
test49,iran top n envoy heads for vienna for nuke talks
test50,victims of air india still wait for justice
test51,kanishka bombing case inquiry judge threatens to quit
test52,judge threatens to shut down air india inquiry
test53,royal rescues presidential hopes with commanding performance
test54,royal seeks to revive french bid
test55,sarkozy comfort zone offers a royal opportunity
test56,hicks first in line for trial bush says
test57,australia tells bush to speed up guantanamo trial
test58,howard presses bush on terror suspect
test59,france ends toxic alert at canadian embassy in paris
test60,paris police investigate package at canadian embassy
test61,false alarm at canadian embassy in paris
test62,afghan forces retake town that was overrun by taliban
test63,taliban seize rural district in southwest as police flee
test64,afghan poppy war alienates farmers
test65,will north korea honor pledge this time
test66,kim jong il bans japanese cars in north korea
test67,iran vs north korea not all enemies are equal
test68,catholic archbishop outlines anglican merger hopes
test69,anglican and catholic churches could merge
test70,us helicopter crash kills troops in afghanistan
test71,eight us soldiers killed in zabul helicopter crash
test72,arroyo lauds passage of anti terror bill
test73,house passes anti terrorism measure manila
test74,livingstone s transport empire may extend
test75,london is pace setter on congestion toll says mayor
test76,protest greets congestion charge s westward push
test77,thailand attacks kill three injure
test78,thai govt moves to smooth over relations with south
test79,bombings say muslim rebels won t negotiate
test80,roots of autism more complex than thought
test81,largest ever autism study identifies two genetic culprits
test82,canadian breakthrough offers hope on autism
test83,beware of peanut butter pathogens
test84,experts offer advice on salmonella
test85,experts issue new heart disease guidelines for women
test86,for women aspirin a day could keep stroke away
test87,high cholesterol raises stroke risk healthy women
test88,cooked chicken breasts join tainted food recalls
test89,ready to eat chicken breasts recalled due to suspected listeria
test90,fully cooked chicken strips recalled
test91,committee debates cancer vaccine plan
test92,stop cancer with a shot
test93,mln birds to be vaccinated from bird flu near moscow
test94,thousands tested after russian h n outbreak
test95,russian bird flu outbreak is deadly asian strain
test96,bernard matthews to lay off up to workers
test97,matthews lays off turkey workers
test98,reopening bird flu hitfactory ignores risks poultryman
test99,goodbye to girlhood
test100,media cited for showing girls as sex objects
test101,sexualisation harms young girls
test102,a shot in the arm
test103,thousands line up to get late flu shots
test104,king county offering some free flu vaccines
test105,bush vows cooperation on health care
test106,health returns as hot issue in race
test107,small business owners find bush health plan appealing
test108,pediatricians say more cord blood is needed now
test109,whether to save cord blood can be puzzle for parents
test110,retinal implant helping blind people see again
test111,indonesia will not share flu samples
test112,health canada issues advice on canned tuna
test113,cholesterol link in diabetes study
test114,pig cells hope for diabetes cure
test115,sick hearts switch on a fetal gene
test116,foetal mechanism helps heart failure
test117,planned cesareans not risk free group warns
test118,scientists tout cocoa s health benefits
test119,feeding your brain new benefits found in chocolate
test120,some cocoa may improve brain blood flow
test121,lawyer for deceased nazi era collaborator papon vows to bury him
test122,cocoa could be antidote to age related diseases says new study
test123,china denies reports of north korean apology
test124,hungarian opposition calls for vote after violence escalates
test125,au regrets sudan s expulsion of un envoy
test126,bush officials no big move in iraq plan
test127,opponent is put on the spot over remarks about clinton
test128,house ethics panel talks to hastert aide
test129,bellsouth says profit rises on cingular earnings
test130,enron boss gets year sentence
test131,sony apologizes for battery recall
test132,google unveils do it yourself search engine
test133,firefox hits the web
test134,oracle world opens with dell unveiling amd powered computers
test135,seahawks qb hasselbeck out weeks
test136,marathon winner released from hospital
test137,punter charged with stabbing asks to live outside state
test138,allmendinger joining toyota team in nascar
test139,trying to assess the damage in cleveland
test140,bryant s boot may have salvaged bucs season
test141,this week in auto racing october october
test142,merriman violation stuns ex teammate
test143,bruce revells in upset
test144,steelers roethlisberger has concussion
test145,arthurs upsets robredo in first round at the st petersburg open
test146,mbeki world cup planning on track
test147,clinical everton show moyes means business
test148,ms adds office to vista coupon program
test149,one search does not fit all
test150,apple s dark secret the claim
test151,bad weather cancels men s downhill
test152,cool millions for youtube founders
test153,london market a shopping dining haven
test154,jackass star marries childhood friend the secrets people reveal
test155,audio slide show a love story lasting years
test156,microsoft to release next generation phone
test157,body shop s roddick has hepatitis c
test158,teen allegedly armed by mom turns self in
test159,oxfam action needed for chad
test160,violence continues at disputed holy site
test161,storm leaves behind major travel troubles
test162,u s troops killed hunting weapons cache
test163,china s friends highlights web freedoms
test164,nato afghanistan peace by
test165,alaska s northern lights captivate japanese
test166,smith can t be buried until hearing
test167,spacewalker sets new u s record
test168,fortune india the superpower think again
test169,kerry blasts escalation of misguided war
test170,anna nicole claimant a prince of a guy
test171,ronnie and eto o hug and make up
test172,best of the chicago auto show
test173,grey s betty scrubs get boost
test174,massive mud traps dozens of families
test175,edwards blogger quits becomes journalistic martyr
test176,town packs gym to mourn killed in fire
test177,spain ahead although nadal is out
test178,ecb holds rates at percent
test179,iran rejects us claims of supplying weapons in iraq
test180,jakarta begins disinfection
test181,rowling heartbroken euphoric at potter s end
test182,apple revs up mac attacks on vista
test183,fear hinders black marrow donation
test184,texan allegedly joined somalia rebel plot
test185,u s to allow iraqi refugees
test186,japan whaling activists terrorists
test187,hannibal bites the big one
test188,women protest pakistan demolition
test189,wii news for gamers
test190,democrats look beyond symbolic vote on iraq
test191,portugal to vote on abortion laws
test192,frustration rises as north korea nuclear talks stall
test193,horse teeth give details of ancient big chill
test194,scam lures victims with free puppy offer
test195,two koreas to resume talks
test196,mickelson driving force at masters
test197,england opt for bopara over loye
test198,create own thrillville for a wild ride
test199,edwards campaign blogger quits amid catholic controversy
test200,judge preserve anna nicole s body
test201,dolphins sea lions may report for duty soon
test202,nasdaq lse battle nears deadline
test203,a personal plea for hpv vaccine plan
test204,u s opens door for iraqi refugees
test205,swiss plane crashes at moscow airport
test206,study napping might help heart
test207,myspace sales surging
test208,telecoms giant slashes jobs
test209,air france klm profit rises
test210,uganda parliament votes to send troops to somalia
test211,king and queen reign at british film awards
test212,murphys rule box office with norbit
test213,thousands rally in lebanon
test214,yahoo s mission quest
test215,area should get inches of snow today
test216,miss brazil wins lawsuit competition
test217,snow wreaks havoc in east midwest
test218,the secrets people reveal
test219,research supports medicinal marijuana
test220,all african amputee football games kick off
test221,group video shows chopper go down
test222,sale of chrysler possible
test223,russia condemns terrorist acts on buses outside beirut
test224,technology may save india s river dolphins
test225,airbus a superjumbo takes off
test226,naps are great for chaps
test227,female astronaut sets record
test228,corn stoves popping up in u s homes
test229,iraq closes borders with syria and iran
test230,the troubling ending of the departed
test231,vietnamese bank plans ipo listing
test232,toyota s scion parks in second life
test233,obama will run in
test234,cagney lacey finally coming to dvd
test235,merkel stop iran
test236,salt lake city mall shooter was teenager
test237,female astronaut sets record
test238,oil holds at
test239,obama announces presidential bid
test240,tell your boss naps are good for you
test241,serbia rejects united nation s kosovo plan
test242,amish discuss shootings
test243,jail me i ate ivory coast chocolate
test244,can north korea be trusted
test245,tourism lags in bush s hometown
test246,astronaut s arrest tests nasa s mettle
test247,man gets second chance at space ride
test248,go ahead take a nap science says
test249,weekly nielsen will lost find its way back
test250,brith airways baggage charges cause confusion
test251,indonesian with bird flu dies
test252,st louis poised for entertainment upswing
test253,new york city may ban ipods while crossing street
test254,boy allegedly told to kill by mom gives up
test255,gray wolves off endangered list
test256,vista s hyped security will be tested
test257,uk police slammed over terror raid
test258,mogadishu residents flee blasts
test259,bomb kills on military bus in iran
test260,warioware wii make perfect fit
test261,u s at odds with cleric s aide
test262,desperate iraqi mother relies on militia for help
test263,full details of the eu report on iran
test264,singer on cowell glad he was mean
test265,jones faces europe meetings snub
test266,beckham goal helps real snatch win
test267,guinea plan offices close as country declares emergency
test268,japan s economy grows
test269,united nations peacekeepers raid haitian slum
test270,work starts on arctic seed vault
test271,social networking goes mobile
test272,beauticians cut curl offer stroke prevention info
test273,siesta cuts risk of heart disease death study finds
test274,thomas cook to merge with mytravel
test275,nap your way to a successful career
test276,village buried by inches of snow
test277,oprah announces new book club pick
test278,the science of love and lust
test279,northeaster cancels flights shuts schools
test280,napping may be good for your heart
test281,ryan o neal injured son s girlfriend
test282,chrysler s valentine s day massacre
test283,madrid bombings trial begins
test284,fight starts over hpv vaccine
test285,autos drive european gains
test286,james brown s partner can get her things
test287,auto show canceled
test288,uk luxury maker burberry made in china
test289,on the job naps might cut heart risk
test290,no florida survives rupp arena streak hits
test291,j k rowling marks spot of potter s end
test292,gronholm takes a commanding lead
test293,howard slams obama on iraq policy
test294,manila hints at ransom approval
test295,champion murray too good for kim
test296,g yen skates by yuan singled out
test297,gunman was srebrenica survivor
test298,cutting through the clutter to get things done
test299,mother lohan is doing great in rehab
test300,who s going to win at the grammys
test301,libby defense upsets judge rests
test302,breakup rings find new homes
test303,gronholm ahead as solberg crashes
test304,norbit a waste of murphy
test305,rocky start for bangkok airport
test306,dead in lebanese minibus bombings
test307,sex torture claims hit russia army
test308,mega marsupials once roamed australia
test309,rupert murdoch s secret tivo
test310,update plane crashes at moscow airport no passengers
test311,hpv vaccination stirs heated debate in america
test312,court tv accused killer tells jury a love story
test313,whistle blowing web site exposed
test314,start late retire rich
test315,somali pm vows to bring islamists to justice
test316,swingers more common than most think
test317,anna nicole smith fans mourn in cyberspace
test318,antibiotic ketek more dangerous than thought
test319,time to book your cruise
test320,blazing angels for ps fails to soar
test321,north korea aid demand stall talks
test322,cartoon network head steps down
test323,malaysia aggressively wooing tourists
test324,anna nicole smith s bahamas home seized
test325,andromeda involved in galactic collision
test326,rwanda mulling kid limit for families
test327,wilkinson sets record in tame win
test328,army engineers say dam safe
test329,france al qaeda suspects arrested
test330,utah gunman survived srebrenica
test331,creating a whole album in a month
test332,india to test new nuclear missile
test333,g to china ease exchange rate grip
test334,hatton hands back ibf title again
test335,bernanke economy healthy but
test336,mickelson sutherland share lead
test337,napping is good for your heart study finds
test338,princess masako author no regrets
test339,students use im lingo in essays
test340,malaysia launches tourism campaign
test341,study africa s internet gap getting wider
test342,travel chaos as heavy snow hits uk
test343,paula abdul i have never been drunk
test344,salmonella outbreak traced to peanut butter
test345,putin u s force fostering nuke ambitions
test346,nuke detectors to ring new york official says
test347,double bus bombing kills three in lebanon
test348,davydenko out as seeds scattered
test349,obama i m running for president
test350,paterson boots scotland to victory
test351,african americans are organ donors these days but what about bone marrow
test352,study on the job naps might help heart
test353,guinea capital largely calm under curfew marital law
test354,bosses sleeping on idea of letting workers take naps
test355,teacher s porn conviction sparks tech debate
test356,singapore pampers its waterfront promenade
test357,rwanda mulls three child limit
test358,samsung settles price fixing lawsuit
test359,radical cleric al sadr in iran u s insists
test360,reports harvard set to name first female president
test361,iraq unveils new security plans
test362,university offers support to new orleans school
test363,storm causes slick icy roads
test364,south korea fire kills foreigners
test365,prehistoric lovers found locked in eternal embrace
test366,charts is your city lean or lethargic
test367,peru leader questioned in massacre probe
test368,u s commander iraq not hopeless
test369,australian pm stands by obama attack
test370,mardi gras rebound in the offing for new orleans
test371,siestas may cut heart disease risk
test372,oregon snorkeler mistaken for rodent shot in face
test373,petraeus takes command in iraq
test374,dead after utah mall shooting rampage
test375,sharks kill four people in dull year
test376,record shattering day on wall st
test377,comedian says government silences critics
test378,rockers big winners at brit awards
test379,samba school leader killed before rio carnival
test380,taiwan s mr clean indicted steps down
test381,woman fights to keep drunken driver in jail
test382,al qaeda group calls for attacks on u s oil
test383,cousin gunman was srebrenica survivor
test384,turkmenistan votes for president
test385,here is some advice to take to heart
test386,don t miss tax breaks
test387,police break up kosovo protests
test388,messi makes barcelona squad return
test389,jump reported in accidental drug overdose deaths
test390,catania punished for fan violence
test391,isinbayeva sets th world record
test392,lawmakers blast fda drug safety oversight
test393,regular naps make hearts healthy
test394,ice stops trolleys cold
test395,u s gunman was srebrenica survivor
test396,outdated baby food found on shelves
test397,tow truck drivers accused of stealing cars
test398,bush it s time for congress to back energy plan
test399,uk soldiers cleared of iraq abuse
test400,fda revises label warnings on the antibiotic ketek
test401,toshiba portege r
test402,south africa mourns adelaide tambo
test403,evacuees can return home after plant blast
test404,anna nicole smith s body lies in legal limbo
test405,former teacher poses for playboy
test406,france rejects rwandan investigators
test407,a nap a day may keep the heart doctor away
test408,higley gonzalez lead in malaysia
test409,grammys ready to name winners
test410,pound will not drop armstrong case
test411,reunited police to start world tour in may
test412,turkmen acting leader sworn in as new president
test413,allen and okur get all star call
test414,svindal claims are golden double
test415,trolley square shooting leaves dead including gunman
test416,bridge blast stops i traffic
test417,mother daughter stabbed near school
test418,excerpt politicians and the press
test419,north korea gets money and respect
test420,beyonce in a bikini as si s swimsuit cover model
test421,loving with all your brain
test422,shoplifters choice police or t shirt of shame
test423,cuban official web a wild colt
test424,slow music and lyrics
test425,mexican navy helps in hunt for u s engineer
test426,smith baby may not be pot of gold
test427,latest updates on world s top stories
test428,beating leaves teen in coma
test429,tiempo libre has grammy dreams
test430,gps sneakers locate with press of a button
test431,embattled edwards blogger quits campaign
test432,britons deported from somalia held under terrorism act
test433,updates on world s top stories
test434,breast cancer drug promises hope
test435,ancient coin shows cleopatra was no beauty
test436,youtube yields surprising payback
test437,up to inches of snow in forecast
test438,werder make man ajax pay price
test439,eu condemns illegal cia flights
test440,report links humans to global warming
test441,un nuclear watchdog slashes iran aid
test442,survey tech a tool in teen dating abuse
test443,the breast cancer breakthrough saving women a year
test444,tourist spot resists gravity but not progress
test445,the nfl s biggest potential free agents
test446,world tourism sets record in
test447,ba to charge for an extra bag
test448,kuerten returns to winners circle
test449,world s oldest newspaper now exists only online
test450,japanese whaler afire in antarctic
test451,eu document iranian bomb unstoppable
test452,u s urged to lead on green actions
test453,see if your city is one of the united states top fittest or fattest
test454,lee in pre world cup injury scare
test455,new cancer drug to save a thousand lives a year
test456,ex teacher guilty in nude pictures scheme
test457,fire extinguisher part of tennessee execution kit
test458,founder returns to dell helm
test459,charles gibson takes over first place
test460,ex border patrol agent beaten in prison
test461,made in china irks some burberry shoppers
test462,stonehenge workers village found
test463,who is prince frederic von anhalt
test464,latest food fad space potatoes
test465,ethiopia readies for millennium all its own
test466,good news for slackers naps may cut risk for heart problems
test467,snowbirds shortening their florida stays
test468,win a concert date with the police
test469,snow begins heavy accumulations expected
test470,jet flips in snowstorm none dead
test471,frantic call in ryan o neal case
test472,durant s success trumps the gators
test473,scientist snoops in astronauts journals
test474,youtube founders split m payout
test475,african nation hopes whoopi can help
test476,united hang on to six point lead
test477,lawyer seizes smith s bahamas home
test478,was prince s super show too revealing
test479,clijsters looks for a long goodbye
test480,snow s too deep even for snowmobiles
test481,study female seals picky about mates
test482,roundup protests erupt despite state of siege in guinea
test483,study more kids exposed to online porn
test484,beyonce new si bikini cover girl
test485,marijuana helps ease hiv nerve pain study says
test486,serena misses bangalore tournament
test487,dryer blamed for fire killing cats dogs
test488,roddick murray score in san jose
test489,apple trademark dispute settled
test490,u s online love brokers eye china
test491,u s diverts troops to fight taliban
test492,house of cards actor ian richardson dead
test493,taliban leader killed in airstrike
test494,escape to prague without the summer hordes
test495,kathmandu first snow in years
test496,nasdaq fails in bid for lse
test497,ex pastor gets death sentence
test498,baby born on turnpike after dad misses exit
test499,study links chimps and hammers
test500,un google earth map climate change
